y_true,y_pred,similarity
"This character is a serpent-like dragon Pokémon, featuring a long, elongated body predominantly colored blue and cream. It has fierce red eyes, a wide open mouth revealing sharp teeth, and prominent spiky fins along its head and sides. Its body is decorated with a pattern of blue and cream stripes, giving it a powerful and intimidating appearance.","this character is a fantasy creature resembling a serpentine with a sleek, blue body and a distinctive design",0.7130229473114014
"This character is a cheerful, round Pokémon with a yellow body. It has large, rosy cheeks, a black scarf-like feature around its neck, and gray gloves on its hands. Its small pointed ears and playful expression give it an adorable charm, making it look ready for fun and adventure.","this character is a small, yellow, rodent - like pokemon with large ears and a round body",0.6718441843986511
"This character is a small, bird-like Pokémon with a sleek, dark plumage. It features a distinctive star-shaped pattern on its chest and a prominent tuft of feathers on its head. Its beak is orange, and it has sharp claws on its feet, giving it an alert and slightly mischievous appearance. The tail is pointed and has a slight metallic sheen, adding to its dynamic look.","this character is a bird - like pokemon with a sleek, gray body and a distinctive orange beak.",0.8758773803710938
"This Pokémon features a sleek, feline-like body with cream-colored fur and a distinct lavender hood that accentuates its playful nature. It has large, expressive eyes and decorative orbs on its collar and tail, adding to its whimsical appearance. The overall design conveys a sense of charm and elegance, making it an endearing character in the Pokémon universe.","this character is a whimsical creature with a round, yellow body and a distinctive purple hat",0.5207172632217407
"This character appears to be a fantasy insect resembling a butterfly. It has large, purple wings that are delicately shaped, and a rounded body with a striped pattern. Its prominent blue eyes give it a charming look, while a distinct horn protrudes from its head, adding to its whimsical appearance. Overall, it conveys a sense of elegance and curiosity.","this character is a whimsical butterfly - like pokemon with a sleek, ethereal appearance.",0.7346962690353394
"This character is a small, round, blue Pokémon with large, expressive eyes and an adorable smile. It has oversized ears that are a darker shade of orange, and a small white belly. A long, zigzagging tail ends with a round blue ball, adding to its playful appearance. Its cheerful demeanor suggests a friendly and jovial nature.","this character is a small, blue creature with large, expressive eyes and a round, expressive face.",0.6266201734542847
"This character is a round, primarily red and white creature with a sleek, smooth surface. It has prominent, narrowed eyes that convey a mischievous expression. The upper half is red, while the lower half is white, resembling a classic Poké Ball. Its overall appearance suggests it is both playful and a little explosive.","this character is a whimsical creature with a round, pink body and a glossy white surface",0.5551714301109314
"This character is a whimsical, furry creature with a vibrant purple body and a fluffy pink lower half. It features large, expressive orange eyes and distinctive black markings around its eyes, giving it a playful appearance. Its head is adorned with two horn-like appendages, and it has a curly tail that adds to its charming design.","this character is a whimsical creature resembling a fluffy creature with a round, purple body.",0.817448079586029
"This character is a Water-type Pokémon known for its turtle-like appearance. It has a distinctive blue body, pointed ears, and a creamy underbelly. Its shell is rounded, and it has a swirling tail that resembles water. The creature exudes a sense of readiness and determination, with an expressive face that showcases its fierce personality.",this character is a water - type pokemon with a predominantly blue body and a cream - colored belly.,0.7193807363510132
"This creature resembles a large, purple scorpion with multiple limbs and a segmented body. It has striking blue eyes and prominent white fangs, giving it a fierce appearance. The creature's body features a mix of smooth and spiky textures, enhancing its intimidating look. Its long, curved tail and sharp claws suggest agility and readiness for battle.","this character is a fantasy creature resembling a large, purple reptilian creature with a fierce expression.",0.6777077913284302
"This character is a small, whimsical creature with a rounded body. It has soft pink fur and a pale yellow underside. Its ears are pointed with purple accents, and it features a cute, smiling expression. One of its distinguishing features is its large, balloon-like tail ending in three yellow orbs, giving it an endearing and playful appearance.","this character is a whimsical pokemon with a round, pink body and a cheerful expression.",0.7061587572097778
"This character resembles a small, fox-like creature with a vibrant yellow body. It has large, pointy ears with reddish tips and striking red eyes. Its fluffy tail and distinctive white markings around its face add to its playful appearance, making it look both adorable and cunning.","this character is a small, yellow, pokemon with large, red wings. it has a round body",0.6200034618377686
"This character is a fish-like Pokémon with a predominantly green body. It features blue accents and distinct black markings, including spots along its sides. Its head is adorned with a spiky crown, while its fins are sharp and angular, giving it a fierce appearance. The large, expressive blue eye adds to its personality, making it look both formidable and unique.","this character resembles a small, green, aquatic creature with a rounded body and a prominent white, circular",0.6119986772537231
"This character resembles a sleek, feline-like creature with a predominantly black body and distinctive yellow circles on its ears, tail, and legs. It has large, pointed ears, bright red eyes, and a graceful stance, giving it an elegant yet mysterious appearance. The creature's design reflects a blend of agility and nighttime aesthetics.","this character is a sleek, feline - like pokemon with a sleek black body and a distinctive yellow",0.7460372447967529
"This character appears to be a small, adorable deer-like Pokémon. It has a gentle expression, with big, expressive eyes and a charming smile. The Pokémon features a mix of brown and cream colors, adorned with a yellow flower on its head and decorative patterns along its body. Its ears are pointed, and it has a playful stance, evoking a sense of innocence and grace.","this character is a whimsical deer - like pokemon with a soft, beige body and a",0.7754061222076416
"This character resembles a fantastical creature with a sleek, elegant form. It has large, expressive blue eyes and a predominantly white body accented with pink and light blue details. Its ears are long and pointed, adorned with colorful tufts, while flowing ribbons extend from its body, adding a whimsical touch. The character has a gentle expression, embodying a playful and charming demeanor.","this character is a whimsical pokemon with a round, pink body and large, expressive eyes",0.6092797517776489
"This character is a robotic-looking Pokémon with a blue metallic body. It features two large pincers, sharp claws, and a prominent spike protruding from its center. Its fierce red eyes, combined with an X-shaped band across its face, give it an aggressive appearance, suggesting power and strength. The design evokes a blend of mechanical and crustacean characteristics.","this character is a bipedal pokemon with a robust build and a robust, armored body. it",0.6788867712020874
"This character resembles a small, fish-like creature with a streamlined body and decorative fins. It features a sleek black upper side, accented by a vibrant teal underbelly and striking pink markings. Its large, expressive eyes and elegant fins give it a whimsical appearance, making it look like a playful aquatic inhabitant.","this character is a small, playful creature with a round, black body and a vibrant pink underbell",0.6502244472503662
"This character resembles a deer with a unique design. It has a light brown body, distinctively shaped yellow antlers with black spheres, and an expressive face featuring a frown. Its cute tail and hooved feet add to its whimsical look, making it a charming blend of a real animal and fantasy elements.","this character is a deer - like pokemon with a light brown body and a prominent, spiky",0.64566969871521
"This character is a bug and steel-type Pokémon with a striking design. It has a sleek, red body with prominent black accents. Its most notable features are its large, claw-like arms resembling pincers, which have jagged edges, and transparent wings extending from its back. The creature also has bright teal eyes and a pointed crest on its head, giving it an imposing and agile appearance.","this character is a powerful, dragon - like pokemon with a striking red and black color scheme. it",0.679038405418396
